8,True Love Song,真爱歌,爱歌,,,,,,,
9,Color My World,,,,,,,,,
17,Future,,,,,,,,,
18,Love You,,,,,,,,,
22,In Chaos,阴超市,,,,,,,,
23,Crush On You,创死你,蔡徐坤,,,,,,,
24,Sun Dance,,,,,,,,,
25,Sweets×Sweets,,,,,,,,,
27,Love or Lies,,,,,,,,,
30,ネコ日和。,猫日和,猫天气,,,,,,,
31,虹と太陽,虹太阳,,,,,,,,
35,炭★坑★節,炭坑节,,,,,,,,
38,NIGHT OF FIRE,,,,,,,,,
40,come again,再来一遍,,,,,,,,
42,jelly,,,,,,,,,
46,ルカルカ★ナイトフィーバー,luka,,,,,,,,
47,源平大戦絵巻テーマソング,源平,源平1,原批大战罕见,,,,,,
53,美しく燃える森,美燃森,,,,,,,,
56,ウッーウッーウマウマ(ﾟ∀ﾟ),扭腰歌,,,,,,,,
58,Endless World,,,,,,,,,
61,Beat Of Mind,,,,,,,,,
62,檄！帝国華撃団(改),滑稽团,帝国华击团,,,,,,,
63,メランコリック,忧郁的心情,,,,,,,,
64,教えて!! 魔法のLyric,,,,,,,,,
65,ZIGG-ZAGG,,,,,,,,,
66,ワールズエンド・ダンスホール,末世舞厅,,,,,,,,
67,パンダヒーロー,panda hero,,,,,,,,
68,オレンジの夏,,,,,,,,,
69,BaBan!! －甘い罠－,,,,,,,,,
70,ジングルベル,圣诞歌,,,,,,,,
71,マトリョシカ,俄罗斯套娃,,,,,,,,
73,メグメグ☆ファイアーエンドレスナイト,,,,,,,,,
75,天国と地獄,天国地狱,,,,,,,,
76,きみのためなら死ねる,为了你而死,,,,,,,,
77,怪盗Rのテーマ,,,,,,,,,
78,マリアをはげませ,,,,,,,,,
79,SHOW TIME,,,,,,,,,
80,City Escape: Act1,,,,,,,,,
81,Rooftop Run: Act1,,,,,,,,,
82,Reach For The Stars,,,,,,,,,
83,Urban Crusher [Remix],,,,,,,,,
84,Catch The Future,,,,,,,,,
85,JACKY [Remix],,,,,,,,,
100,Tell Your World,,,,,,,,,
101,おちゃめ機能,天真烂漫机能,机能,五月病,,,,,,
102,ダンシング☆サムライ,茄子先生,跳舞武士,,,,,,,
106,BAD∞END∞NIGHT,,,,,,,,,
107,ロミオとシンデレラ,罗密欧,灰姑娘,罗密欧与辛德瑞拉,,,,,,
108,Sweetiex2,,,,,,,,,
109,腐れ外道とチョコレゐト,外道,巧克力,腐外道,,,,,,
110,Quartet Theme [Reborn],,,,,,,,,
111,Sky High [Reborn],,,,,,,,,
112,Like the Wind [Reborn],,,,,,,,,
113,YA･DA･YO [Reborn],,,,,,,,,
114,Space Harrier Main Theme [Reborn],,,,,,,,,
115,DADDY MULK -Groove remix-,,,,,,,,,
116,ぴぴぱぷぅ！,比巴卜,,,,,,,,
117,炎歌 -ほむらうた-,炎歌,,,,,,,,
118,犬日和。,狗日子,狗天气,,,,,,,
119,ソーラン☆節,索兰节,,,,,,,,
120,デコボコ体操第二,体操第二,,,,,,,,
121,スイートマジック,甜甜魔法,,,,,,,,
122,ゴーゴー幽霊船,幽灵船,,,,,,,,
128,御旗のもとに,,,,,,,,,
130,FEEL ALIVE,,,,,,,,,
131,Link,,,,,,,,,
132,Turn around,,,,,,,,,
133,We Gonna Party,,,,,,,,,
134,Night Fly,,,,,,,,,
135,Feel My Fire,,,,,,,,,
136,Streak,,,,,,,,,
137,Spin me harder,,,,,,,,,
138,Lionheart,狮心,,,,,,,,
139,Acceleration,,,,,,,,,
140,Sprintrances,,,,,,,,,
141,Nerverakes,两块钱,,,,,,,,
142,Black Out,,,,,,,,,
143,Fragrance,香水,,,,,,,,
144,air's gravity,空气重力,,,,,,,,
145,Starlight Disco,,,,,,,,,
146,39,,,,,,,,,
147,地上の戦士,,,,,,,,,
152,超絶！Superlative,,,,,,,,,
153,采配の刻 Power of order,,,,,,,,,
154,DO RORO DERODERO ON DO RORO,,,,,,,,,
155,泣き虫O'clock,,,,,,,,,
157,Natural Flow,,,,,,,,,
159,maimaiちゃんのテーマ,,,,,,,,,
181,君の知らない物語,你不知道的故事,君知,君知物语,,,,,,
184,I ♥,,,,,,,,,
186,イアイア★ナイトオブデザイア,,,,,,,,,
187,ローリンガール,滚女,rolling girl,,,,,,,
188,天ノ弱,天之弱,天弱,,,,,,,
189,弱虫モンブラン,弱虫,胆小鬼,换手练习歌,,,,,,
190,モザイクロール,马赛克卷,,,,,,,,
191,脳漿炸裂ガール,脑浆,脑浆炸裂女孩,,,,,,,
193,セツナトリップ,刹那旅行,,,,,,,,
194,放課後ストライド,放课后冲,放课后,,,,,,,
198,カゲロウデイズ,车祸歌,阳炎,车祸曲,,,,,,
199,チルノのパーフェクトさんすう教室,算数教室,琪露诺的完美算数教室,⑨,,,,,,
200,Bad Apple!! feat nomico,,,,,,,,,
201,魔理沙は大変なものを盗んでいきました,魔理沙偷走了重要的东西,魔理沙,,,,,,,
202,Grip & Break down !!,,,,,,,,,
203,"""Help me"," ERINNNNNN!!""",,,,,,,,,
204,ナイト・オブ・ナイツ,夜骑,,,,,,,,
205,全人類ノ非想天則,非想天則,绯想天,,,,,,,
206,しゅわスパ大作戦☆,修哇,修哇大作战,,,,,,,
207,時空を超えて久しぶり！,puyopuyo,,,,,,,,
208,Her Dream Is To Be A Fantastic Sorceress,,,,,,,,,
209,ココロスキャンのうた,心灵扫描歌,捂裆男,,,,,,,
212,神室雪月花,雪月花,如龙,,,,,,,
213,KONNANじゃないっ！,,,,,,,,,
214,awake,醒了,起了,,,,,,,
216,Mysterious Destiny,,,,,,,,,
217,Riders Of The Light,,,,,,,,,
218,Terminal Storm,,,,,,,,,
219,記憶、記録,记忆记录,恐怖谷,,,,,,,
220,セガサターン起動音[H.][Remix],,,,,,,,,
223,夜咄ディセイブ,夜咄,kano角色歌,,,,,,,
224,ウサテイ,兔子快跑,帝帝跑跑跑,兔子,,,,,,
225,sweet little sister,甜小姐姐,甜二妹,,,,,,,
226,Blew Moon,吹月,,,,,,,,
227,Garakuta Doll Play,GDP,国民生产总值,小丑,果丹皮,我,,,,
228,Dreampainter,,,,,,,,,
229,ぐるぐるWASH！コインランドリー・ディスコ,,,,,,,,,
230,CYCLES,马洼路,,,,,,,,
231,Heartbeats,心跳,,,,,,,,
232,Life Feels Good,,,,,,,,,
233,MYTHOS,,,,,,,,,
234,End of Twilight,,,,,,,,,
235,火炎地獄,火炎地狱,,,,,,,,
236,ユビキリ,拉勾勾,,,,,,,,
237,Pixel Voyage,,,,,,,,,
238,Get Happy,,,,,,,,,
239,System “Z”,system z,systemz,,,,,,,
240,Beat of getting entangled,,,,,,,,,
241,Cosmic Train,,,,,,,,,
242,ナミダと流星,眼泪与流星,眼泪流星,流星,,,,,,
244,おても☆Yan,,,,,,,,,
246,maiム・maiム feat.週刊少年マガジン,周刊少年,,,,,,,,
247,Danza zandA,,,,,,,,,
248,Backyun! －悪い女－,,,,,,,,,
251,Monochrome Rainbow,,,,,,,,,
252,みんなのマイマイマー,大家的maimai吗,maimai,,,,,,,
253,円舞曲、君に,圆舞曲,舞曲,,,,,,,
254,Live & Learn,,,,,,,,,
255,Burning Hearts ～炎のANGEL～,,,,,,,,,
256,いーあるふぁんくらぶ,王力宏,12fan,,,,,,,
258,Nyan Cat EX,彩虹猫,,,,,,,,
259,ぽっぴっぽー,蔬菜歌,,,,,,,,
260,LUCIA,,,,,,,,,
261,Death Scythe,,,,,,,,,
262,BREAK YOU!!,,,,,,,,,
263,JUMPIN' JUMPIN',,,,,,,,,
264,L'épilogue,法文歌,,,,,,,,
265,Save This World νMIX,,,,,,,,,
266,Living Universe,,,,,,,,,
267,Ignite Infinity,,,,,,,,,
268,トルコ行進曲 - オワタ＼(^o^)／,土耳其进行曲,土耳其,,,,,,,
269,裏表ラバーズ,里表,,,,,,,,
270,Outlaw's Lullaby,如龙,,,,,,,,
271,Brand-new Japanesque,,,,,,,,,
278,レッツゴー!陰陽師,阴阳师,,,,,,,,
282,からくりピエロ,活动小丑,,,,,,,,
283,ネトゲ廃人シュプレヒコール,网游废人,,,,,,,,
285,magician's operation,魔法师手术,魔术手,,,,,,,
288,六兆年と一夜物語,六兆年,希腊奶,,,,,,,
289,みくみくにしてあげる♪【してやんよ】,把你mikumiku掉,,,,,,,,
290,リリリリ★バーニングナイト,,,,,,,,,
291,ハロ／ハワユ,Hello，how are you,,,,,,,,
293,Our Fighting,,,,,,,,,
295,緋色のDance,,,,,,,,,
296,明星ロケット,明星火箭,明星银河号,明星,,,,,,
297,The Great Journey,,,,,,,,,
298,お嫁にしなさいっ！,,,,,,,,,
299,ロストワンの号哭,号哭,,,,,,,,
301,患部で止まってすぐ溶ける～狂気の優曇華院,患部,优云华院,,,,,,,
302,ケロ⑨destiny,⑨,9,,,,,,,
303,"""Endless"," Sleepless Night""",,,,,,,,,
305,POP STAR,,,,,,,,,
308,Back 2 Back,b2b,,,,,,,,
309,神々の祈り,神祈,,,,,,,,
310,エピクロスの虹はもう見えない,圣母,,,,,,,,
311,シアワセうさぎ,幸福兔,,,,,,,,
312,ってゐ！ ～えいえんてゐVer～,,,,,,,,,
313,待チ人ハ来ズ。,待人未至,待人来,,,,,,,
314,Cosmic Magic Shooter,,,,,,,,,
315,深海少女,深海少女,,,,,,,,
316,M.S.S.Planet,,,,,,,,,
318,東方スイーツ！～鬼畜姉妹と受難メイド～,,,,,,,,,
319,幻想のサテライト,幻想卫星,卫星,,,,,,,
320,最速最高シャッターガール,最速最高,文文,,,,,,,
321,バラライカ,亚拉那一卡,空手道,,,,,,,
322,林檎華憐歌,林檎,大妈唱歌,,,,,,,
323,YATTA!,,,,,,,,,
324,Jack-the-Ripper◆,,,,,,,,,
325,Windy Hill -Zone 1,,,,,,,,,
326,コトバ・カラフル,,,,,,,,,
327,タカハせ！名人マン,高桥名人,光头16连,高桥,,,,,,
328,言ノ葉カルマ,言叶业,,,,,,,,
329,かせげ！ジャリンコヒーロー,,,,,,,,,
330,キズナの物語,锁链战记,羁绊物语,,,,,,,
331,Heart Beats,心跳,,,,,,,,
337,鼓動,鼓动,,,,,,,,
339,DRAGONLADY,龙女士,,,,,,,,
341,二息歩行,儿媳不行,二息步行,,,,,,,
342,ファンタジーゾーン OPA-OPA! -GMT remix-,,,,,,,,,
343,電車で電車でGO!GO!GO!GC! -GMT remix-,电车,,,,,,,,
344,RIDGE RACER STEPS -GMT remix-,,,,,,,,,
345,リッジでリッジでGO!GO!GO! -GMT mashup-,,,,,,,,,
346,オパ! オパ! RACER -GMT mashup-,,,,,,,,,
347,電車で電車でOPA!OPA!OPA! -GMT mashup-,电车,,,,,,,,
348,Axeria,ax,,,,,,,,
349,ピーマンたべたら,青椒,,,,,,,,
351,MIRROR of MAGIC,,,,,,,,,
352,究極焼肉レストラン！お燐の地獄亭！,究极烧肉,,,,,,,,
353,shake it!,摇它,,,,,,,,
359,YU-MU,,,,,,,,,
360,物凄い勢いでけーねが物凄いうた,物凄,慧音,,,,,,,
362,BETTER CHOICE,,,,,,,,,
363,Oshama Scramble!,牛奶,哦杀妈,,,,,,,
364,D✪N’T  ST✪P  R✪CKIN’,,,,,,,,,
365,ガラテアの螺旋,螺旋,,,,,,,,
366,oboro,小火球,小火苗,,,,,,,
367,Dragoon,龙,,,,,,,,
374,アンハッピーリフレイン,unhappy refrain,不高兴的副歌,,,,,,,
375,One Step Ahead,,,,,,,,,
376,L9,,,,,,,,,
378,planet dancer,星球舞者,爸爸拉粑粑,,,,,,,
379,Caliburne ～Story of the Legendary sword～,生煎1,圣剑1,,,,,,,
380,どうしてこうなった,,,,,,,,,
381,B.B.K.K.B.K.K.,bbkk,,,,,,,,
382,おこちゃま戦争,,,,,,,,,
383,Link(CoF),,,,,,,,,
384,VERTeX,水神,,,,,,,,
385,Ignis Danse,火神,,,,,,,,
386,Scars of FAUNA,土神,,,,,,,,
387,FUJIN Rumble,风神,,,,,,,,
388,きたさいたま2000,埼玉2000,塞他妈,北埼玉,北埼玉2000,kita,,,,
389,FLOWER,扶老二,,,,,,,,
390,Got more raves？,郭沫若,,,,,,,,
399,不毛！,不毛,,,,,,,,
400,デッドレッドガールズ,死红女,,,,,,,,
401,赤心性：カマトト荒療治,赤心性,,,,,,,,
403,悪戯,恶戏,,,,,,,,
404,響縁,响缘,,,,,,,,
411,初音ミクの消失,消失,,,,,,,,
412,イノコリ先生,先生,留堂老师,,,,,,,
413,キャプテン・ムラサのケツアンカー,船长,,,,,,,,
414,若い力 -SEGA HARD GIRLS MIX-,若力,,,,,,,,
417,ウミユリ海底譚,海底捞,海底谭,海脑瘫,,,,,,
418,welcome to maimai!! with マイマイマー,,,,,,,,,
419,ストリーミングハート,流心,,,,,,,,
420,Change Our MIRAI！,,,,,,,,,
421,Aiolos,,,,,,,,,
422,LANCE,,,,,,,,,
424,橙の幻想郷音頭,橙的幻想乡音头,,,,,,,,
425,東方妖々夢 ～the maximum moving about～,妖妖梦,,,,,,,,
426,蒼空に舞え、墨染の桜,墨染,墨染樱,,,,,,,
427,少女幻葬戦慄曲 ～ Necro Fantasia,,,,,,,,,
431,Contrapasso -paradiso-,天堂齿轮,齿轮,,,,,,,
432,幸せになれる隠しコマンドがあるらしい,性瘾,幸隐,,,,,,,
434,フラグメンツ -T.V. maimai edit-,,,,,,,,,
435,願いを呼ぶ季節,,,,,,,,,
437,Yet Another ”drizzly rain”,,,,,,,,,
438,四次元跳躍機関,四次元,机关,,,,,,,
439,最終鬼畜妹・一部声,鬼畜妹,一部声,蓝蓝路,,,,,,
446,GEMINI -M-,双子星,,,,,,,,
447,+♂,加男,嘉然,,,,,,,
448,ありふれたせかいせいふく,司空见惯的世界征服,,,,,,,,
451,頓珍漢の宴,顿珍汉,盾震撼,,,,,,,
453,Garden Of The Dragon,,,,,,,,,
454,After Burner,,,,,,,,,
455,Counselor,,,,,,,,,
456,Glorious Crown,皇冠,,,,,,,,
457,言ノ葉遊戯,言叶游戏,,,,,,,,
458,りばーぶ,reverb,,,,,,,,
459,幾四音-Ixion-,机四音,,,,,,,,
460,閃鋼のブリューナク,闪钢,,,,,,,,
461,無敵We are one!!,我们无敌,,,,,,,,
462,7thSense,7感,,,,,,,,
463,FEEL the BEATS,,,,,,,,,
464,Revive The Rave,rtr,,,,,,,,
465,スリップフリップ,slipflip,,,,,,,,
466,Jimang Shot,,,,,,,,,
467,儚きもの人間,梦人间,,,,,,,,
468,ラブリー☆えんじぇる!!,可爱天使,,,,,,,,
471,オモイヨシノ,恋咏樱,,,,,,,,
472,アージェントシンメトリー,argent symmetry,sta,pink op,,,,,,
480,HIMITSUスパーク,,,,,,,,,
482,Party 4U ”holy nite mix”,,,,,,,,,
483,囲い無き世は一期の月影,月影,,,,,,,,
488,Lividi,李维迪,,,,,,,,
490,Infantoon Fantasy,,,,,,,,,
492,Jumble Rumble,猫猫打碟,,,,,,,,
493,Imitation:Loud Lounge,,,,,,,,,
494,CITRUS MONSTER,橘子怪兽,,,,,,,,
495,Hyper Active,泥头车,大卡车,,,,,,,
496,AMAZING MIGHTYYYY!!!!,AM,,,,,,,,
497,fake!fake!,,,,,,,,,
506,セハガガガンバッちゃう！！,,,,,,,,,
507,キミノヨゾラ哨戒班,烧鸡班,哨戒班,,,,,,,
508,恋愛裁判,恋爱裁判,,,,,,,,
510,ヒビカセ,让其响彻,匕匕力也,比力也,,,,,,
511,パーフェクト生命,完美生命,,,,,,,,
512,StargazeR,,,,,,,,,
513,だんだん早くなる,渐渐加速,渐渐变快,蛋蛋变快,逐渐加快,,,,,
514,ヘルシーエンド,maimai你摸,,,,,,,,
517,東京リアルワールド,东京,,,,,,,,
518,やめろ！聴くな！,别听,,,,,,,,
520,木彫り鯰と右肩ゾンビ,僵尸,木雕鲇鱼,木雕鲶鱼,右肩僵尸,右肩,,,,
521,ECHO,echo,,,,,,,,
526,brilliant better,,,,,,,,,
527,ハート・ビート,,,,,,,,,
528,Invitation,,,,,,,,,
529,connecting with you,pink挑战,,,,,,,,
530,高気圧ねこロック,高气压猫猫头,高气压猫,高气压,,,,,,
531,Prophesy One,,,,,,,,,
532,洗脳,洗脑,,,,,,,,
533,Barbed Eye,,,,,,,,,
534,Nitrous Fury,自然流,,,,,,,,
535,色は匂へど散りぬるを,色散,伊洛瓦,,,,,,,
536,月に叢雲華に風,月丛云,月风,,,,,,,
537,No Routine,,,,,,,,,
538,ひれ伏せ愚民どもっ！,愚民,,,,,,,,
539,エテルニタス・ルドロジー,,,,,,,,,
540,泡沫、哀のまほろば,泡沫,,,,,,,,
541,華鳥風月,华鸟风月,,,,,,,,
542,METATRON,,,,,,,,,
543,終わりなき物語,无尽物语,物语,,,,,,,
546,フォルテシモBELL,,,,,,,,,
547,私の中の幻想的世界観及びその顕現を想起させたある現実での出来事に関する一考察,名字太长的歌,考察,名字很长的歌,,,,,,
548,DETARAME ROCK&ROLL THEORY,,,,,,,,,
552,ゴーストルール,幽灵法则,Ghost rule,,,,,,,
553,チュルリラ・チュルリラ・ダッダッダ！,啾噜哩啦,,,,,,,,
555,GOODMEN,好人,,,,,,,,
556,夜明けまであと３秒,夜明,夜明3秒,夜明三秒,失明前三秒,,,,,
557,Last Brave ～ Go to zero,,,,,,,,,
558,STAIRWAY TO GENERATION,,,,,,,,,
559,空威張りビヘイビア,空威张,,,,,,,,
561,いっしそう電☆舞舞神拳！,舞舞神拳,114514,,,,,,,
564,ENJOY POLIS,,,,,,,,,
565,生きてるおばけは生きている,,,,,,,,,
566,天火明命,天火,,,,,,,,
567,HERA,赫拉,,,,,,,,
568,分からない,哇卡拉奶,我不知道,吾伐晓得,,,,,,
571,Our Wrenally,如龙,,,,,,,,
572,Scream out! -maimai SONIC WASHER Edit-,赞不绝口,,,,,,,,
573,四月の雨,四月的shi,四月雨,四月的屎,,,,,,
574,Selector,蓝色女人,,,,,,,,
578,ドキドキDREAM!!!,,,,,,,,,
579,ポップミュージックは僕のもの,男童歌,男同,,,,,,,
580,吉原ラメント,吉原哀歌,吉原,,,,,,,
581,ねぇ、壊れタ人形ハ何処へ棄テらレるノ？,坏人偶,坏人形,,,,,,,
582,幽闇に目醒めしは,幽暗,幽目,,,,,,,
583,Starlight Vision,,,,,,,,,
584,Club Ibuki in Break All,,,,,,,,,
585,Phantasm Brigade,,,,,,,,,
586,永遠のメロディ,永远的melody,,,,,,,,
587,白ゆき,白雪,,,,,,,,
589,Panopticon,监狱,,,,,,,,
592,Sakura Fubuki,樱吹雪,,,,,,,,
593,conflict,公交车,冲突,bus,,,,,,
598,すーぱーぬこになりたい,变超猫,nuko,,,,,,,
599,踊れオーケストラ,,,,,,,,,
601,きらっせ☆ウッド村ファーム,妖精村,,,,,,,,
602,taboo tears you up,三倍icecream,,,,,,,,
603,その群青が愛しかったようだった,群青,,,,,,,,
606,The wheel to the right,右轮,印度人,,,,,,,
610,リンカーネイション,轮回转生,,,,,,,,
611,宿題が終わらないっ！,,,,,,,,,
612,GO BACK 2 YOUR RAVE,,,,,,,,,
613,天国と地獄 -言ノ葉リンネ-,天国地狱,,,,,,,,
614,夢花火,梦花火,乙姬角色歌,,,,,,,
617,オトヒメモリー☆ウタゲーション,乙姫,,,,,,,,
618,ラブチーノ,,,,,,,,,
621,ARROW,箭头,,,,,,,,
622,バッド・ダンス・ホール,坏舞厅,bdh,,,,,,,
624,KISS CANDY FLAVOR,,,,,,,,,
625,Maxi,马戏,马西,,,,,,,
626,相思創愛,相思创爱,,,,,,,,
627,心象蜃気楼,心象晨气楼,,,,,,,,
628,光線チューニング,光线turning,光线,,,,,,,
629,Limit Break,,,,,,,,,
630,曖昧mind,爱maimai,暧昧mind,,,,,,,
631,KING is BACK!!,体能训练,,,,,,,,
632,Ultranova,摩托车,,,,,,,,
634,GET!! 夢&DREAM,,,,,,,,,
636,日本の米は世界一,日本米,,,,,,,,
637,ないせんのうた,再见IM外星人,好他妈烦,这个地球是一秒都待不下去了,,,,,,
639,Starlight Dance Floor,,,,,,,,,
640,妖精村の月誕祭 ～Lunate Elf,,,,,,,,,
641,Calamity Fortune,CF,,,,,,,,
642,Justified,,,,,,,,,
643,Excalibur ～Revived resolution～,生煎2,圣剑2,,,,,,,
647,エイリアンエイリアン,外星人,alien,,,,,,,
648,My Dearest Song,,,,,,,,,
649,猛進ソリストライフ！,猛进,,,,,,,,
650,Let's Go Away,,,,,,,,,
654,真・ハンサム体操でズンドコホイ,帅哥体操,真体操,体操,,,,,,
655,フラジール,fragile,易碎品,,,,,,,
657,オーディエンスを沸かす程度の能力 feat.タイツォン,沸腾程度,,,,,,,,
658,人里に下ったアタイがいつの間にか社畜になっていた件,社畜,NO NO working,,,,,,,
664,Moon of Noon,月儿子,,,,,,,,
665,チルノのパーフェクトさんすう教室　⑨周年バージョン,9周年教室,笨蛋教室,九周年,baka,,,,,
666,デスパレイト,desperate,,,,,,,,
670,ドーナツホール,甜甜圈洞,甜甜圈,,,,,,,
672,MilK,奶,,,,,,,,
673,咲キ誇レ常世ノ華,常世华,常世之华,,,,,,,
674,Magical Flavor,,,,,,,,,
680,Candy Tall Woman,,,,,,,,,
681,Signature,,,,,,,,,
682,人生リセットボタン,人生重置,人生reset button,remake,人生重启键,人生重置按钮,,,,
683,しねばいいのに,死了一了百了,,,,,,,,
684,もうみんなしねばいいのに,大家死了好,骂脏话,,,,,,,
687,共感覚おばけ,共感觉,共感怪兽,,,,,,,
688,麒麟,,,,,,,,,
689,Credits,信用,,,,,,,,
690,ダンスロボットダンス,跳舞机器人,drd,,,,,,,
691,アルカリレットウセイ,碱性劣等生,,,,,,,,
692,ドクハク,独白,棺材,,,,,,,
693,キレキャリオン,carry on,,,,,,,,
694,猫祭り,猫祭,猫寄,,,,,,,
695,TRUST,,,,,,,,,
696,Still,,,,,,,,,
699,天狗の落とし文 feat. ｙｔｒ,天狗,犹太人,ytr,,,,,,
700,疾走あんさんぶる,疾走,,,,,,,,
701,Doll Judgment,,,,,,,,,
702,WARNING×WARNING×WARNING,,,,,,,,,
704,SPILL OVER COLORS,,,,,,,,,
705,Mare Maris,船,,,,,,,,
706,シャルル,夏露露,三力儿儿,,,,,,,
707,フリィダム ロリィタ,自由洛丽塔,,,,,,,,
708,バレリーコ,芭蕾舞者,,,,,,,,
709,アウターサイエンス,界外科学,,,,,,,,
710,REVIVER オルタンシア・サーガ -蒼の騎士団- オリジナルVer.,,,,,,,,,
711,拝啓ドッペルゲンガー,拜启分身,拜启,,,,,,,
712,ミラクル・ショッピング,购物,,,,,,,,
713,Kinda Way,,,,,,,,,
717,ラブって♡ジュエリー♪えんじぇる☆ブレイク！！,,,,,,,,,
719,エンドマークに希望と涙を添えて,希望泪,,,,,,,,
720,ナンセンス文学,无意义文学,拍手文学,文学,,,,,,
721,Bang Babang Bang!!!,,,,,,,,,
722,Tic Tac DREAMIN’,,,,,,,,,
723,SPICY SWINGY STYLE,,,,,,,,,
725,砂の惑星 feat. HATSUNE MIKU,惑星,,,,,,,,
726,アンノウン・マザーグース,妈妈鹅,鹅妈妈,,,,,,,
731,妄想感傷代償連盟,妄想,代偿,,,,,,,
732,LOVE EAST,,,,,,,,,
733,Fist Bump,,,,,,,,,
734,ENERGY SYNERGY MATRIX,ESM,,,,,,,,
735,Session High⤴,,,,,,,,,
736,World Vanquisher,世征,世界征服者,,,,,,,
737,FestivaLight,,,,,,,,,
738,Brain Power,脑力,,,,,,,,
739,進め！イッスン軍団 -Rebellion of the Dwarfs-,,,,,,,,,
740,ULTRA B+K,,,,,,,,,
741,インビジブル,Invisible,,,,,,,,
742,彗星ハネムーン,彗星蜜月,彗星,,,,,,,
745,keep hopping,kamome sano,,,,,,,,
746,larva,拉瓦,,,,,,,,
750,初音ミクの激唱,激唱,机场,,,,,,,
752,true my heart -Lovable mix-,,,,,,,,,
753,Rodeo Machine,,,,,,,,,
756,CYBER Sparks,,,,,,,,,
757,Xevel,,,,,,,,,
758,INFINITE WORLD,,,,,,,,,
759,サドマミホリック,灵梦撒币,,,,,,,,
760,Ragnarok,诸神黄昏,,,,,,,,
762,このピアノでお前を8759632145回ぶん殴る,钢琴,8759632145,1145141919810,,,,,,
763,はやくそれになりたい！,音街,,,,,,,,
764,フィクサー,fixer,修人,,,,,,,
765,みんなの,兽道,,,,,,,,
766,アマノジャクリバース feat. ｙｔｒ,天邪鬼反转,天邪鬼,,,,,,,
767,進捗どうですか？,进步,进度,,,,,,,
768,"""Help me"," あーりん！""",,,,,,,,,
769,なるとなぎのパーフェクトロックンロール教室,琪露诺的完美算数教室,⑨,,,,,,,
770,あねぺったん,,,,,,,,,
771,We Gonna Journey,,,,,,,,,
772,FREEDOM DiVE (tpz Overcute Remix),FD,,,,,,,,
773,SILENT BLUE,静蓝,四块钱,,,,,,,
775,ジンギスカン,成吉思汗,,,,,,,,
776,にじよめちゃん体操第一億,体操,体操一亿,,,,,,,
777,花と、雪と、ドラムンベース。,花一轮,花雪,,,,,,,
778,Conquista Ciela,,,,,,,,,
779,怒槌,怒锤,怒捶,努吹,,,,,,
781,Seyana. ～何でも言うことを聞いてくれるアカネチャン～,,,,,,,,,
782,おねがいダーリン,拜托了darling,,,,,,,,
786,My First Phone,小灵通,,,,,,,,
789,ネ！コ！,neko,,,,,,,,
791,ロールプレイングゲーム,rpg,,,,,,,,
792,ヒバナ,火花,匕八十,匕八卜,七八十,,,,,
793,ロキ,口丰,roki,口≠,ruaki,,,,,
794,Money Money,,,,,,,,,
796,極圏,极圈,鸡圈,寄圈,,,,,,
797,Scarlet Lance,红枪,,,,,,,,
798,セイクリッド　ルイン,太鼓达人,圣墟,圣灭,肾虚,,,,,
799,QZKago Requiem,巧克力大战香子兰,qzk,茄子,猫猫打架,毒牛奶,猫中毒,凯尔希大战嵯峨,茄子卡狗,
800,EVERGREEN,,,,,,,,,
802,不思議の国のクリスマス,不思议,不可思议,反海底谭,,,,,,
803,Schwarzschild,四川火娃,四川火娃弱智齿轮队,,,,,,,
806,ナイトメア☆パーティーナイト,,,,,,,,,
809,結ンデ開イテ羅刹ト骸,连起来又分开，罗刹与骨骸,罗刹,结骸,,,,,,
812,Alea jacta est!,黑人打架,黑人击剑,,,,,,,
815,L4TS:2018 (feat. あひる & KTA),,,,,,,,,
816,クレイジークレイジーダンサーズ,ccd,疯狂疯狂跳舞,,,,,,,
817,【東方ニコカラ】秘神マターラ feat.魂音泉【IOSYS】,,,,,,,,,
818,隠然,隐然,,,,,,,,
819,White Traveling Girl,,,,,,,,,
820,FFT,快速傅里叶变换,,,,,,,,
821,-OutsideR:RequieM-,,,,,,,,,
822,イロトリドリのメロディ,彩绿之歌,,,,,,,,
823,奏者はただ背中と提琴で語るのみ,奏者,,,,,,,,
825,雷切-RAIKIRI-,雷切,,,,,,,,
829,敗北の少年,败北少年,败北的少年,,,,,,,
830,立ち入り禁止,立入禁止,,,,,,,,
832,命ばっかり,全是命,命没,只为生命,,,,,,
833,the EmpErroR,皇帝,,,,,,,,
834,PANDORA PARADOXXX,潘,,,,,,,,
835,Believe the Rainbow,相信彩虹,,,,,,,,
836,"""Good Bye"," Mr. Jack""",杰哥,再见杰克,,,,,,,
837,Altale,,,,,,,,,
838,最終鬼畜妹フランドール・S,,,,,,,,,
839,ネクロファンタジア～Arr.Demetori,,,,,,,,,
840,Imperishable Night 2006 (2016 Refine),,,,,,,,,
841,終点,终点,,,,,,,,
842,WORLD'S END UMBRELLA,,,,,,,,,
844,End Time,,,,,,,,,
848,魔法少女になるしかねぇ,魔法少女,,,,,,,,
849,Kattobi KEIKYU Rider,叮叮车,,,,,,,,
850,B.M.S.,bms,,,,,,,,
852,TiamaT:F minor,提亚马特,,,,,,,,
853,前前前世,,,,,,,,,
10146,39,39,,,,,,,,
10181,君の知らない物語,你不知道的故事,君知,君知物语,,,,,,
10188,天ノ弱,天之弱,天弱,,,,,,,
10191,脳漿炸裂ガール,脑浆,脑浆炸裂女孩,,,,,,,
10256,いーあるふぁんくらぶ,王力宏,12fan,,,,,,,
10288,六兆年と一夜物語,六兆年,希腊奶,,,,,,,
10301,患部で止まってすぐ溶ける～狂気の優曇華院,患部,优云华院,,,,,,,
10319,幻想のサテライト,幻想卫星,卫星,,,,,,,
10363,Oshama Scramble!,牛奶,,,,,,,,
10420,Change Our MIRAI！,,,,,,,,,
10536,月に叢雲華に風,月丛云,月风,,,,,,,
10572,Scream out! -maimai SONIC WASHER Edit-,,,,,,,,,
10593,conflict,公交车,冲突,bus,,,,,,
10641,Calamity Fortune,cf,,,,,,,,
10665,チルノのパーフェクトさんすう教室　⑨周年バージョン,9周年教室,笨蛋教室,九周年,baka,,,,,
10690,ダンスロボットダンス,跳舞机器人,drd,,,,,,,
10702,WARNING×WARNING×WARNING,,,,,,,,,
10706,シャルル,夏露露,三力儿儿,,,,,,,
10734,ENERGY SYNERGY MATRIX,,,,,,,,,
11001,BLACK ROSE,,,,,,,,,
11002,Secret Sleuth,,,,,,,,,
11003,でらっくmaimai♪てんてこまい!,滴蜡熊,,,,,,,,
11004,MAXRAGE,满怒,绝赞交互,,,,,,,
11005,バーチャルダム　ネーション,赛车,,,,,,,,
11006,P-qoq,,,,,,,,,
11007,超常マイマイン,超常maimai,超常,,,,,,,
11008,Crazy Circle,,,,,,,,,
11009,STEREOSCAPE,,,,,,,,,
11010,STARTLINER,,,,,,,,,
11014,♡マイマイマイラブ♡,my my my love,sega游戏宇宙一,,,,,,,
11015,一か罰,一力罚,一刀罚,,,,,,,
11016,キリキリ舞Mine,,,,,,,,,
11017,福宿音屋魂音泉,魂音泉,,,,,,,,
11018,Now or Never,,,,,,,,,
11019,Scarlet Wings,,,,,,,,,
11020,Technicians High,,,,,,,,,
11021,魔ジョ狩リ,魔女狩猎,魔狩,,,,,,,
11022,TwisteD! XD,xd,,,,,,,,
11023,Blows Up Everything,锤爆,,,,,,,,
11024,Agitation！,,,,,,,,,
11025,管弦楽組曲 第3番 ニ長調「第2曲（G線上のアリア）」BWV.1068-2,管弦乐,,,,,,,,
11026,TEmPTaTiON,,,,,,,,,
11027,アポカリプスに反逆の焔を焚べろ,反逆,反逆焰,,,,,,,
11028,玩具狂奏曲 -終焉-,玩具,,,,,,,,
11029,Titania,江江比耶,泰坦尼亚,,,,,,,
11030,BOKUTO,,,,,,,,,
11031,立川浄穢捕物帳,立川,立川净秽捕物帐,青岛侦探事务所,,,,,,
11032,CHOCOLATE BOMB!!!!,,,,,,,,,
11034,METEOR,,,,,,,,,
11037,HOT LIMIT,,,,,,,,,
11043,メルト,melt,,,,,,,,
11044,メルティランドナイトメア,melty land nightmare,,,,,,,,
11046,アディショナルメモリー,额外记忆,,,,,,,,
11048,ナイト・オブ・ナイツ (Cranky Remix),爽骑,,,,,,,,
11049,Bad Apple!! feat.nomico (REDALiCE Remix),bad apple,,,,,,,,
11050,Strobe♡Girl,,,,,,,,,
11051,Destr0yer,destroyer,,,,,,,,
11052,グリーンライツ・セレナーデ,绿光小夜曲,,,,,,,,
11058,デンパラダイム,电波,,,,,,,,
11059,骸骨楽団とリリア,莉莉亚,骸骨乐团,,,,,,,
11060,星屑ユートピア,星屑乌托邦,星屑,,,,,,,
11061,アマツキツネ,天狐,,,,,,,,
11064,"""Little """"Sister"""" Bitch""",,,,,,,,,
11065,Yakumo >>JOINT STRUGGLE (2019 Update),,,,,,,,,
11066,げきオコスティックファイナリアリティぷんぷんマスタースパーク,,,,,,,,,
11067,CocktaiL,,,,,,,,,
11069,太陽系デスコ,太阳系disco,太阳系,,,,,,,
11070,だからパンを焼いたんだ,烧面包,,,,,,,,
11073,アカリがやってきたぞっ,,,,,,,,,
11075,プナイプナイせんそう,噗奶噗奶,punai,噗奶,,,,,,
11077,デビル☆アイドル,恶魔偶像,,,,,,,,
11078,quiet room,静屋,qr,,,,,,,
11080,Jump!! Jump!! Jump!!,,,,,,,,,
11081,サンバランド,桑巴,,,,,,,,
11083,サヨナラチェーンソー,再见电锯,,,,,,,,
11084,イカサマライフゲイム,作弊生存游戏,,,,,,,,
11085,Halcyon,翡翠鸡,,,,,,,,
11086,だれかの心臓になれたなら,心脏,,,,,,,,
11087,幾望の月,几望之月,,,,,,,,
11088,39みゅーじっく！,39music,,,,,,,,
11089,STEEL TRANSONIC,粉毛机娘,钢铁索尼克,,,,,,,
11090,Flashkick,,,,,,,,,
11091,Stardust Memories,,,,,,,,,
11092,My My My,,,,,,,,,
11093,UniTas,,,,,,,,,
11094,ここからはじまるプロローグ。,,,,,,,,,
11095,絡めトリック利己ライザー,,,,,,,,,
11096,モ°ルモ°ル,毛儿毛儿,毛儿,,,,,,,
11097,ブレインジャックシンドローム,,,,,,,,,
11098,共鳴,共鸣,,,,,,,,
11099,Ututu,,,,,,,,,
11100,シエルブルーマルシェ,,,,,,,,,
11101,GRÄNDIR,,,,,,,,,
11102,封焔の135秒,135,封焰,,,,,,,
11103,渦状銀河のシンフォニエッタ,涡状银河,,,,,,,,
11104,ヤミツキ,,,,,,,,,
11105,ワードワードワード,,,,,,,,,
11106,Valsqotch,金熊,,,,,,,,
11107,最強 the サマータイム!!!!!,,,,,,,,,
11108,UTAKATA,,,,,,,,,
11109,タテマエと本心の大乱闘,,,,,,,,,
11110,はちみつアドベンチャー,,,,,,,,,
11111,popcorn,爆米花,,,,,,,,
11113,ハム太郎とっとこうた,哈姆太郎,,,,,,,,
11115,だから僕は音楽を辞めた,,,,,,,,,
11121,ビターチョコデコレーション,,,,,,,,,
11122,アンドロイドガール,,,,,,,,,
11123,スターリースカイ☆パレード,,,,,,,,,
11124,スロウダウナー,,,,,,,,,
11125,クレイジー・ビート,,,,,,,,,
11126,バイオレンストリガー,,,,,,,,,
11127,グラーヴェ,,,,,,,,,
11128,KILLER B,杀b,,,,,,,,
11129,すーぱーぬこになれんかった,,,,,,,,,
11130,アスヘノBRAVE,,,,,,,,,
11131,深海シティアンダーグラウンド,深海city,,,,,,,,
11132,表裏一体,表里一体,,,,,,,,
11133,Catch the Wave,抓浪,,,,,,,,
11134,ソリッド,,,,,,,,,
11135,全力ハッピーライフ,全力,,,,,,,,
11136,Oath Act,,,,,,,,,
11137,Witches night,,,,,,,,,
11138,Drive Your Fire,,,,,,,,,
11139,wheel,轮子,,,,,,,,
11140,Black Lair,,,,,,,,,
11141,energy trixxx,没有鸡,,,,,,,,
11142,NULCTRL,,,,,,,,,
11143,アトロポスと最果の探究者,大奶子伊蕾娜,,,,,,,,
11150,ウマイネームイズうまみちゃん,,,,,,,,,
11152,ぼくたちいつでも　しゅわっしゅわ！,,,,,,,,,
11153,Boys O’Clock,,,,,,,,,
11154,居並ぶ穀物と溜息まじりの運送屋,,,,,,,,,
11155,ARAIS,阿瑞斯,,,,,,,,
11157,Aetheric Energy,,,,,,,,,
11158,Komplexe,老婆,,,,,,,,
11159,Beautiful Future,漂亮未来,,,,,,,,
11160,Mutation,,,,,,,,,
11161,オリフィス,,,,,,,,,
11162,ユメヒバナ,,,,,,,,,
11163,REAL VOICE,,,,,,,,,
11164,パラボラ,白毛体育生,蓝毛体育生,蓝白毛体育生,,,,,,
11165,Regulus,咕噜,,,,,,,,
11166,ワンダーシャッフェンの法則,法则,,,,,,,,
11167,BIRTH,出生,畜生,,,,,,,
11168,シアトリカル・ケース,,,,,,,,,
11169,ステップアンドライム,,,,,,,,,
11170,届かない花束,花束,,,,,,,,
11171,YURUSHITE,,,,,,,,,
11172,ポケットからぬりつぶせ！,,,,,,,,,
11173,トリドリ⇒モリモリ！Lovely fruits☆,,,,,,,,,
11174,Desperado Waltz,华尔兹,,,,,,,,
11175,宛城、炎上！！,炎上,！,,,,,,,
11176,Climax,高潮,,,,,,,,
11177,レーイレーイ,,,,,,,,,
11178,ノーポイッ!,,,,,,,,,
11179,町かどタンジェント,,,,,,,,,
11180,紅蓮華,红莲华,,,,,,,,
11184,Virtual to LIVE,皮套人,管人痴,,,,,,,
11185,命に嫌われている,命嫌,嫌命长,,,,,,,
11186,アンクローズ・ヒューマン,,,,,,,,,
11187,乙女解剖,,,,,,,,,
11188,絶え間なく藍色,绝间蓝,,,,,,,,
11189,ガランド,,,,,,,,,
11190,とりあえずアナタがいなくなるまえに,,,,,,,,,
11191,明星ギャラクティカ,明星,,,,,,,,
11192,絶対にチョコミントを食べるアオイチャン,,,,,,,,,
11193,デリヘル呼んだら君が来た,,,,,,,,,
11194,ベノム,猛毒,,,,,,,,
11195,マネマネサイコトロピック,,,,,,,,,
11198,アスノヨゾラ哨戒班,烧鸡班,,,,,,,,
11199,悪戯センセーション,恶戏,,,,,,,,
11200,Paranoia,,,,,,,,,
11201,絡繰りドール,,,,,,,,,
11202,物凄いヴァイブスで魔理沙が物凄いラップ,,,,,,,,,
11204,Sweet Requiem,,,,,,,,,
11205,Dive into The Sky ～initialized～,,,,,,,,,
11206,BATTLE NO.1,打架第一名,,,,,,,,
11207,Ether Strike,es,以太打击,,,,,,,
11208,Cyaegha,绿魔王,,,,,,,,
11209,Grievous Lady,病女,对立拉窗帘,,,,,,,
11210,c.s.q.n.,csqn,,,,,,,,
11211,カラッポ・ノンフィクション,,,,,,,,,
11212,emomomo,emo,,,,,,,,
11213,Arty Party,大逼纵连,usao跳舞,,,,,,,
11214,Jörqer,jorqer,,,,,,,,
11215,Sqlupp (Camellia's "Sqleipd*Hiytex" Remix),色情露屁屁,,,,,,,,
11216,felys -final remix-,菲利斯,,,,,,,,
11217,Pretender,,,,,,,,,
11219,Prismatic,,,,,,,,,
11221,≠彡"/了→,太空熊,你爹来咯,你爹走咯,,,,,,,太空熊熊
11222,BREaK! BREaK! BREaK!,bbb,！！！,绝赞！绝赞!绝赞！,,,,,,
11223,Heavenly Blast,天爆,,,,,,,,
11224,Paradisoda,苏打,,,,,,,,
11225,VANTABLACK RAVER,黑乙姬,,,,,,,,
11226,時計の国のジェミニ,时钟国,,,,,,,,
11227,Xenovcipher,泽拉斯,,,,,,,,
11228,星めぐり、果ての君へ。,星果,,,,,,,,
11229,スローアライズ,,,,,,,,,
11230,チエルカ／エソテリカ,呐,,,,,,,,
11231,生命不詳,生命不详,,,,,,,,
11232,Never Give Up!,你上当了,never gonna give u up,never gonna give you up,,,,,,
11233,Starry Colors,,,,,,,,,
11234,ほしぞらスペクタクル,,,,,,,,,
11235,VIIIbit Explorer,,,,,,,,,
11239,オーケー？　オーライ！,,,,,,,,,
11240,サヨナラフリーウェイ,,,,,,,,,
11241,単一指向性オーバーブルーム,单一指向性,,,,,,,,
11242,みなえをチェック！,,,,,,,,,
11243,ハジマリノピアノ,,,,,,,,,
11251,冬のこもりうた,,,,,,,,,
11253,おジャ魔女カーニバル!!,,,,,,,,,
11254,秒針を噛む,秒针,咬住秒针,,,,,,,
11255,タケモトピアノCMソング,,,,,,,,,
11260,ネガティブ進化論,消极进化论,进化论,,,,,,,
11261,雨とペトラ,雨和佩特拉,佩特拉,,,,,,,
11262,永遠にゲームで対戦したいキリタン,永远对战,,,,,,,,
11263,KING,王,哈哈你是王,king,,,,,,
11264,幽霊東京,幽灵东京,,,,,,,,
11265,Alice in 冷凍庫,冻死爱丽丝,,,,,,,,
11266,キラメキ居残り大戦争,,,,,,,,,
11275,ロストワードクロニカル,,,,,,,,,
11276,今、誰が為のかがり火へ,今谁火,,,,,,,,
11277,Melody！,melody,马老弟,,,,,,,
11278,下克上々,下克上,,,,,,,,
11279,ハウリング,,,,,,,,,
11280,トランスダンスアナーキー,,,,,,,,,
11281,Re：End of a Dream,终梦,,,,,,,,
11282,もぺもぺ,mopemope,小蓝花,儿童鞋垫,儿童邪典,,,,,
11283,Sound Chimera,奇美拉,,,,,,,,
11284,CO5M1C R4ILR0AD,银河轨道,银河铁轨,,,,,,,
11285,MAKE IT FUNKY NOW,,,,,,,,,
11286,Rush-More,rushmore,多冲,冲多,,,,,,
11287,Strange Bar,,,,,,,,,
11288,Big Daddy,大爹,高潮脸,,,,,,,
11289,ベースラインやってる？笑,,,,,,,,,
11290,ALiVE,,,,,,,,,
11291,ヒミツCULT,,,,,,,,,
11292,MEGATON KICK,,,,,,,,,
11293,LOSE CONTROL,,,,,,,,,
